{
  "names": [
    "Michael Jordan",
    "LeBron James",
    "Kareem Abdul-Jabbar",
    "Bill Russell",
    "Wilt Chamberlain",
    "Magic Johnson",
    "Tim Duncan",
    "Larry Bird",
    "Shaquille O'Neal",
    "Hakeem Olajuwon"
  ],
  "raw_subindices": [
    [
      8.665366666666666,
      116.1,
      16.002817585620598,
      171.85344583333332,
      11.799199999999983
    ],
    [
      7.942072380952382,
      151.4,
      12.350383666758017,
      186.15899438095238,
      9.755999999999986
    ],
    [
      7.2966048,
      150.7,
      8.506799276672695,
      164.6942456,
      15.153599999999992
    ],
    [
      7.080726133333333,
      91.485,
      8.779673247106876,
      101.87156493692306,
      -1.4496000000000013
    ],
    [
      8.6932156,
      96.6,
      7.831918478260871,
      158.17604765,
      18.05999999999999
    ],
    [
      7.2979933333333324,
      81.087,
      10.616770109235354,
      159.2695130384615,
      11.543999999999993
    ],
    [
      7.527126666666667,
      126.7,
      10.590809701827755,
      149.67490742105264,
      2.7360000000000024
    ],
    [
      7.886393333333334,
      80.73,
      9.463292923937145,
      162.87603257692308,
      11.080799999999988
    ],
    [
      7.664431578947369,
      87.8,
      9.537152302781578,
      138.02188257894736,
      11.186399999999988
    ],
    [
      7.097386666666667,
      101.1,
      10.269157088122604,
      128.95356866666665,
      4.534400000000003
    ]
  ],
  "z_subindices": [
    [
      1.7034903054031822,
      0.3044290887859098,
      2.5149369174469105,
      0.865836081612883,
      0.42345361459633674
    ],
    [
      0.4068375114911421,
      1.6946781035266048,
      0.8769663508328611,
      1.494630502716087,
      0.05670651171762028
    ],
    [
      -0.7502950122298655,
      1.6671094261804713,
      -0.846727558793718,
      0.551156420689989,
      1.0255564346317574
    ],
    [
      -1.137301631538225,
      -0.6650037581784581,
      -0.7243544941756205,
      -2.210188311264769,
      -1.9546586684006975
    ],
    [
      1.753415208623561,
      -0.46355549442778826,
      -1.1493846111397341,
      0.2646517478378253,
      1.5472448546624462
    ],
    [
      -0.7478057825184381,
      -1.0745167682428698,
      0.09950999044797917,
      0.31271456302071327,
      0.37764612602221537
    ],
    [
      -0.33703746495646303,
      0.7218976314559203,
      0.08786778577690926,
      -0.10901232601328077,
      -1.2033584169279297
    ],
    [
      0.3070214420384394,
      -1.0885767936893975,
      -0.41777840429118157,
      0.4712376254419569,
      0.2945033803030377
    ],
    [
      -0.09089035493083772,
      -0.8101331524934571,
      -0.3846554262159879,
      -0.6212161737232925,
      0.31345820316129575
    ],
    [
      -1.1074342213824842,
      -0.28632828291693485,
      -0.05638054988841794,
      -1.0198101303181066,
      -0.880552039766083
    ]
  ],
  "csdi_scores": [
    1.3310052012519153,
    0.9644833380013011,
    0.146953170081372,
    -1.2359183121571766,
    0.26595138551920877,
    -0.2766697764598245,
    -0.06005120039915348,
    -0.12170673618236989,
    -0.37381049021392676,
    -0.6402365794413422
  ],
  "rankings": [
    [
      "Michael Jordan",
      1.3310052012519153
    ],
    [
      "LeBron James",
      0.9644833380013011
    ],
    [
      "Wilt Chamberlain",
      0.26595138551920877
    ],
    [
      "Kareem Abdul-Jabbar",
      0.146953170081372
    ],
    [
      "Tim Duncan",
      -0.06005120039915348
    ],
    [
      "Larry Bird",
      -0.12170673618236989
    ],
    [
      "Magic Johnson",
      -0.2766697764598245
    ],
    [
      "Shaquille O'Neal",
      -0.37381049021392676
    ],
    [
      "Hakeem Olajuwon",
      -0.6402365794413422
    ],
    [
      "Bill Russell",
      -1.2359183121571766
    ]
  ],
  "sensitivity": {
    "default": [
      [
        "Michael Jordan",
        1.3310052012519153
      ],
      [
        "LeBron James",
        0.9644833380013011
      ],
      [
        "Wilt Chamberlain",
        0.26595138551920877
      ],
      [
        "Kareem Abdul-Jabbar",
        0.146953170081372
      ],
      [
        "Tim Duncan",
        -0.06005120039915348
      ],
      [
        "Larry Bird",
        -0.12170673618236989
      ],
      [
        "Magic Johnson",
        -0.2766697764598245
      ],
      [
        "Shaquille O'Neal",
        -0.37381049021392676
      ],
      [
        "Hakeem Olajuwon",
        -0.6402365794413422
      ],
      [
        "Bill Russell",
        -1.2359183121571766
      ]
    ],
    "equal": [
      [
        "Michael Jordan",
        1.1624292015690445
      ],
      [
        "LeBron James",
        0.9059637960568631
      ],
      [
        "Wilt Chamberlain",
        0.390474341111262
      ],
      [
        "Kareem Abdul-Jabbar",
        0.32935994209572683
      ],
      [
        "Larry Bird",
        -0.08671855003942901
      ],
      [
        "Tim Duncan",
        -0.16792855813296875
      ],
      [
        "Magic Johnson",
        -0.20649037425408
      ],
      [
        "Shaquille O'Neal",
        -0.31868738084045595
      ],
      [
        "Hakeem Olajuwon",
        -0.6701010448544054
      ],
      [
        "Bill Russell",
        -1.338301372711554
      ]
    ],
    "peak_heavy": [
      [
        "Michael Jordan",
        1.5068428078126361
      ],
      [
        "LeBron James",
        0.8632082088269568
      ],
      [
        "Wilt Chamberlain",
        0.46154661140911873
      ],
      [
        "Larry Bird",
        -0.05951173047938382
      ],
      [
        "Tim Duncan",
        -0.08108316456835846
      ],
      [
        "Kareem Abdul-Jabbar",
        -0.1277821958282187
      ],
      [
        "Shaquille O'Neal",
        -0.3315494873007797
      ],
      [
        "Magic Johnson",
        -0.3696328398775931
      ],
      [
        "Hakeem Olajuwon",
        -0.6970171899986586
      ],
      [
        "Bill Russell",
        -1.165021019995714
      ]
    ],
    "playoff_heavy": [
      [
        "Michael Jordan",
        1.5226752538893384
      ],
      [
        "LeBron James",
        0.9706106343007859
      ],
      [
        "Kareem Abdul-Jabbar",
        0.011618066176277253
      ],
      [
        "Tim Duncan",
        -0.04926216760976683
      ],
      [
        "Wilt Chamberlain",
        -0.05862005229271808
      ],
      [
        "Magic Johnson",
        -0.1332368612286403
      ],
      [
        "Larry Bird",
        -0.1606468013454212
      ],
      [
        "Shaquille O'Neal",
        -0.38191311102856834
      ],
      [
        "Hakeem Olajuwon",
        -0.5236338256405098
      ],
      [
        "Bill Russell",
        -1.1975911352207742
      ]
    ],
    "longevity_heavy": [
      [
        "LeBron James",
        1.229428222035469
      ],
      [
        "Michael Jordan",
        0.9281655855345732
      ],
      [
        "Kareem Abdul-Jabbar",
        0.7051498840658175
      ],
      [
        "Tim Duncan",
        0.12064655075714509
      ],
      [
        "Wilt Chamberlain",
        0.03839905384598162
      ],
      [
        "Larry Bird",
        -0.3201355895247993
      ],
      [
        "Magic Johnson",
        -0.373717533624395
      ],
      [
        "Shaquille O'Neal",
        -0.5147988335375584
      ],
      [
        "Hakeem Olajuwon",
        -0.57673955434442
      ],
      [
        "Bill Russell",
        -1.236397785207811
      ]
    ]
  },
  "goat_probability": {
    "Michael Jordan": 0.6925925925925925,
    "LeBron James": 0.30740740740740735,
    "Kareem Abdul-Jabbar": 0.0,
    "Bill Russell": 0.0,
    "Wilt Chamberlain": 0.0,
    "Magic Johnson": 0.0,
    "Tim Duncan": 0.0,
    "Larry Bird": 0.0,
    "Shaquille O'Neal": 0.0,
    "Hakeem Olajuwon": 0.0
  }
}