{
  "names": [
    "Michael Jordan",
    "LeBron James",
    "Kareem Abdul-Jabbar",
    "Bill Russell",
    "Wilt Chamberlain",
    "Magic Johnson",
    "Tim Duncan",
    "Larry Bird",
    "Shaquille O'Neal",
    "Hakeem Olajuwon"
  ],
  "raw_subindices": [
    [
      8.665366666666666,
      116.1,
      16.002817585620598,
      171.85344583333332,
      11.799199999999983,
      0.3674440085931425
    ],
    [
      7.942072380952382,
      151.4,
      12.350383666758017,
      186.15899438095238,
      9.755999999999986,
      1.02188967863477
    ],
    [
      7.2966048,
      150.7,
      8.506799276672695,
      164.6942456,
      15.153599999999992,
      -0.5232114689459137
    ],
    [
      7.080726133333333,
      91.485,
      8.779673247106876,
      101.87156493692306,
      -1.4496000000000013,
      -0.3173731977377571
    ],
    [
      8.6932156,
      96.6,
      7.831918478260871,
      158.17604765,
      18.05999999999999,
      -0.27639041584531693
    ],
    [
      7.2979933333333324,
      81.087,
      10.616770109235354,
      159.2695130384615,
      11.543999999999993,
      1.7470877391233914
    ],
    [
      7.527126666666667,
      126.7,
      10.590809701827755,
      149.67490742105264,
      2.7360000000000024,
      -0.18514919012065692
    ],
    [
      7.886393333333334,
      80.73,
      9.463292923937145,
      162.87603257692308,
      11.080799999999988,
      0.48856254525387555
    ],
    [
      7.664431578947369,
      87.8,
      9.537152302781578,
      138.02188257894736,
      11.186399999999988,
      -1.1968853753697972
    ],
    [
      7.097386666666667,
      101.1,
      10.269157088122604,
      128.95356866666665,
      4.534400000000003,
      -1.1259743235857385
    ]
  ],
  "z_subindices": [
    [
      1.7034903054031822,
      0.3044290887859098,
      2.5149369174469105,
      0.865836081612883,
      0.42345361459633674,
      0.4199488122449705
    ],
    [
      0.4068375114911421,
      1.6946781035266048,
      0.8769663508328611,
      1.494630502716087,
      0.05670651171762028,
      1.1679095229533023
    ],
    [
      -0.7502950122298655,
      1.6671094261804713,
      -0.846727558793718,
      0.551156420689989,
      1.0255564346317574,
      -0.5979741941583077
    ],
    [
      -1.137301631538225,
      -0.6650037581784581,
      -0.7243544941756205,
      -2.210188311264769,
      -1.9546586684006975,
      -0.3627232838512163
    ],
    [
      1.753415208623561,
      -0.46355549442778826,
      -1.1493846111397341,
      0.2646517478378253,
      1.5472448546624462,
      -0.3158843909158802
    ],
    [
      -0.7478057825184381,
      -1.0745167682428698,
      0.09950999044797917,
      0.31271456302071327,
      0.37764612602221537,
      1.9967325736014505
    ],
    [
      -0.33703746495646303,
      0.7218976314559203,
      0.08786778577690926,
      -0.10901232601328077,
      -1.2033584169279297,
      -0.21160552536150168
    ],
    [
      0.3070214420384394,
      -1.0885767936893975,
      -0.41777840429118157,
      0.4712376254419569,
      0.2945033803030377,
      0.5583742169924001
    ],
    [
      -0.09089035493083772,
      -0.8101331524934571,
      -0.3846554262159879,
      -0.6212161737232925,
      0.31345820316129575,
      -1.3679107021077235
    ],
    [
      -1.1074342213824842,
      -0.28632828291693485,
      -0.05638054988841794,
      -1.0198101303181066,
      -0.880552039766083,
      -1.2868670293974949
    ]
  ],
  "csdi_scores": [
    1.2197382869238453,
    0.9704391066986966,
    0.05655896850696879,
    -1.1373396603646104,
    0.2158914530824872,
    0.005241072291128038,
    -0.09635533223042626,
    -0.03285894622827641,
    -0.4807529212459464,
    -0.7205620274338632
  ],
  "rankings": [
    [
      "Michael Jordan",
      1.2197382869238453
    ],
    [
      "LeBron James",
      0.9704391066986966
    ],
    [
      "Wilt Chamberlain",
      0.2158914530824872
    ],
    [
      "Kareem Abdul-Jabbar",
      0.05655896850696879
    ],
    [
      "Magic Johnson",
      0.005241072291128038
    ],
    [
      "Larry Bird",
      -0.03285894622827641
    ],
    [
      "Tim Duncan",
      -0.09635533223042626
    ],
    [
      "Shaquille O'Neal",
      -0.4807529212459464
    ],
    [
      "Hakeem Olajuwon",
      -0.7205620274338632
    ],
    [
      "Bill Russell",
      -1.1373396603646104
    ]
  ],
  "sensitivity": {
    "default": [
      [
        "Michael Jordan",
        1.2197382869238453
      ],
      [
        "LeBron James",
        0.9704391066986966
      ],
      [
        "Wilt Chamberlain",
        0.2158914530824872
      ],
      [
        "Kareem Abdul-Jabbar",
        0.05655896850696879
      ],
      [
        "Magic Johnson",
        0.005241072291128038
      ],
      [
        "Larry Bird",
        -0.03285894622827641
      ],
      [
        "Tim Duncan",
        -0.09635533223042626
      ],
      [
        "Shaquille O'Neal",
        -0.4807529212459464
      ],
      [
        "Hakeem Olajuwon",
        -0.7205620274338632
      ],
      [
        "Bill Russell",
        -1.1373396603646104
      ]
    ],
    "equal": [
      [
        "Michael Jordan",
        1.038682470015032
      ],
      [
        "LeBron James",
        0.9496214172062695
      ],
      [
        "Wilt Chamberlain",
        0.27274788577340503
      ],
      [
        "Kareem Abdul-Jabbar",
        0.1748042527200544
      ],
      [
        "Magic Johnson",
        0.16071345038850837
      ],
      [
        "Larry Bird",
        0.02079691113254248
      ],
      [
        "Tim Duncan",
        -0.1752080526710576
      ],
      [
        "Shaquille O'Neal",
        -0.49355793438500045
      ],
      [
        "Hakeem Olajuwon",
        -0.7728953756115868
      ],
      [
        "Bill Russell",
        -1.1757050245681644
      ]
    ],
    "peak_heavy": [
      [
        "Michael Jordan",
        1.4117149838752368
      ],
      [
        "LeBron James",
        0.8700881530130916
      ],
      [
        "Wilt Chamberlain",
        0.4365083253202096
      ],
      [
        "Larry Bird",
        0.00948165570284764
      ],
      [
        "Tim Duncan",
        -0.10828065223392441
      ],
      [
        "Magic Johnson",
        -0.16272004821209013
      ],
      [
        "Kareem Abdul-Jabbar",
        -0.1855574632314668
      ],
      [
        "Shaquille O'Neal",
        -0.41267699408104347
      ],
      [
        "Hakeem Olajuwon",
        -0.76287235345543
      ],
      [
        "Bill Russell",
        -1.0956856066974259
      ]
    ],
    "playoff_heavy": [
      [
        "Michael Jordan",
        1.4275123819284252
      ],
      [
        "LeBron James",
        0.9886026085992774
      ],
      [
        "Magic Johnson",
        0.0898667949126551
      ],
      [
        "Kareem Abdul-Jabbar",
        -0.062392507514871465
      ],
      [
        "Tim Duncan",
        -0.0665421263596685
      ],
      [
        "Larry Bird",
        -0.08901470679629611
      ],
      [
        "Wilt Chamberlain",
        -0.10228963083741048
      ],
      [
        "Shaquille O'Neal",
        -0.4798543068615223
      ],
      [
        "Hakeem Olajuwon",
        -0.5935521389935952
      ],
      [
        "Bill Russell",
        -1.112336368076991
      ]
    ],