{
  "P_jordan_gt_lebron": 0.5454389887290458,
  "gap_analysis": {
    "delta_mean": 0.08849626038705313,
    "delta_se": 0.7752897686743059,
    "P_positive": 0.5454389887290458,
    "sigma2": 1.026757678642024,
    "delta_gls": 0.12652030864619213,
    "d_values": {
      "CSDI": -0.41850669889907177,
      "EARD": 0.3999870141599735,
      "CWIM": 0.4168395283738018,
      "BPLS": 0.1745999270744516,
      "AHP-SD": 0.40727801159249766
    },
    "info_1": 1.1948256306674518,
    "data_precision": 1.1636880400521692
  },
  "G_mean": {
    "Michael Jordan": 1.8325342955897423,
    "LeBron James": 1.6311103905877575,
    "Kareem Abdul-Jabbar": 0.7414447583687315,
    "Bill Russell": -0.42774890858939213,
    "Wilt Chamberlain": -0.7340977981922373,
    "Magic Johnson": -0.7210269430091644,
    "Tim Duncan": 0.00019579156829743812,
    "Larry Bird": -0.6081649430212434,
    "Shaquille O'Neal": -0.6336563217343277,
    "Hakeem Olajuwon": -1.0805903215681596
  },
  "G_ci_95": {
    "Michael Jordan": [
      1.4325732878262412,
      2.2324953033532435
    ],
    "LeBron James": [
      1.2311493828242563,
      2.0310713983512585
    ],
    "Kareem Abdul-Jabbar": [
      0.34148375060523034,
      1.1414057661322325
    ],
    "Bill Russell": [
      -0.8277099163528933,
      -0.027787900825891
    ],
    "Wilt Chamberlain": [
      -1.1340588059557384,
      -0.3341367904287362
    ],
    "Magic Johnson": [
      -1.1209879507726654,
      -0.32106593524566324
    ],
    "Tim Duncan": [
      -0.39976521619520367,
      0.4001567993317986
    ],
    "Larry Bird": [
      -1.0081259507847444,
      -0.20820393525774222
    ],
    "Shaquille O'Neal": [
      -1.0336173294978288,
      -0.2336953139708266
    ],
    "Hakeem Olajuwon": [
      -1.4805513293316608,
      -0.6806293138046584
    ]
  },
  "P_best": {
    "Michael Jordan": 0.75787,
    "LeBron James": 0.242122,
    "Kareem Abdul-Jabbar": 8e-06,
    "Bill Russell": 0.0,
    "Wilt Chamberlain": 0.0,
    "Magic Johnson": 0.0,
    "Tim Duncan": 0.0,
    "Larry Bird": 0.0,
    "Shaquille O'Neal": 0.0,
    "Hakeem Olajuwon": 0.0
  },
  "P_jordan_gt_lebron_factor": 0.757400853548361,
  "factor_delta_mu": 0.20142390500198482,
  "factor_delta_se": 0.28858687836711944,
  "effective_frameworks": 1.3651653488270499,
  "eigenvalues": [
    4.259661830547604,
    0.3220240517621557,
    0.1909584362486158,
    0.14585836391503335,
    0.08149731752659087
  ],
  "loadings": {
    "CSDI": 0.9337473455442298,
    "EARD": 0.9573965442236586,
    "CWIM": 0.9286437397262689,
    "BPLS": 0.9209040711318649,
    "AHP-SD": 0.8721961240370618
  },
  "noise_variance": {
    "CSDI": 0.2102084487325685,
    "EARD": 0.19284510581235775,
    "CWIM": 0.19616506109622245,
    "BPLS": 0.1934376860068474,
    "AHP-SD": 0.275579813452072
  },
  "communality": {
    "CSDI": 0.8057389379983431,
    "EARD": 0.826180052167435,
    "CWIM": 0.8146841193414218,
    "BPLS": 0.8142704602797236,
    "AHP-SD": 0.7340748368639441
  },
  "framework_bias": {
    "CSDI": -0.6065857355238282,
    "EARD": 0.20714446358703875,
    "CWIM": 0.22978847996248988,
    "BPLS": -0.010892167065154224,
    "AHP-SD": 0.23159686236135715
  },
  "min_eig_used": 0.18508454236309893,
  "sensitivity": {
    "0.05": 0.9136776775285613,
    "0.08": 0.8586805288586469,
    "0.1": 0.8311638884448703,
    "0.15": 0.7818291016785711,
    "0.2": 0.748670560974199,
    "0.25": 0.7244833290239729,
    "0.3": 0.7058401527137331
  }
}