{
  "G_mean": {
    "Michael Jordan": 1.8892666227047135,
    "LeBron James": 1.5028940488505087,
    "Kareem Abdul-Jabbar": 0.8053996808902647,
    "Bill Russell": -0.45120943283535664,
    "Wilt Chamberlain": -0.45759211678860456,
    "Magic Johnson": -0.72441532682702,
    "Tim Duncan": 0.1618635254146026,
    "Larry Bird": -0.8531533653921813,
    "Shaquille O'Neal": -0.8070218135125908,
    "Hakeem Olajuwon": -1.066031822504335
  },
  "G_ci_95": {
    "Michael Jordan": [
      1.759586454942999,
      2.018946790466428
    ],
    "LeBron James": [
      1.3732138810887942,
      1.6325742166122232
    ],
    "Kareem Abdul-Jabbar": [
      0.6757195131285502,
      0.9350798486519792
    ],
    "Bill Russell": [
      -0.5808896005970712,
      -0.3215292650736421
    ],
    "Wilt Chamberlain": [
      -0.5872722845503191,
      -0.32791194902689
    ],
    "Magic Johnson": [
      -0.8540954945887346,
      -0.5947351590653055
    ],
    "Tim Duncan": [
      0.032183357652888045,
      0.2915436931763172
    ],
    "Larry Bird": [
      -0.9828335331538959,
      -0.7234731976304668
    ],
    "Shaquille O'Neal": [
      -0.9367019812743054,
      -0.6773416457508763
    ],
    "Hakeem Olajuwon": [
      -1.1957119902660496,
      -0.9363516547426205
    ]
  },
  "P_best": {
    "Michael Jordan": 0.999988,
    "LeBron James": 1.2e-05,
    "Kareem Abdul-Jabbar": 0.0,
    "Bill Russell": 0.0,
    "Wilt Chamberlain": 0.0,
    "Magic Johnson": 0.0,
    "Tim Duncan": 0.0,
    "Larry Bird": 0.0,
    "Shaquille O'Neal": 0.0,
    "Hakeem Olajuwon": 0.0
  },
  "P_jordan_gt_lebron": 0.9999818045489733,
  "delta_mu": 0.38637257385420476,
  "delta_se": 0.09356910817318109,
  "effective_frameworks": 1.3651653488270499,
  "eigenvalues": [
    4.259661830547604,
    0.3220240517621557,
    0.1909584362486158,
    0.14585836391503335,
    0.08149731752659087
  ],
  "loadings": {
    "CSDI": 0.9311332600392892,
    "EARD": 0.9083019360591078,
    "CWIM": 0.9975525643602587,
    "BPLS": 0.9247509040316387,
    "AHP-SD": 0.9332747597192055
  },
  "noise_variance": {
    "CSDI": 0.13299085091929871,
    "EARD": 0.1749875918766711,
    "CWIM": 0.00488888004210782,
    "BPLS": 0.1448357643787884,
    "AHP-SD": 0.1289982217365512
  },
  "communality": {
    "CSDI": 0.8670091489305138,
    "EARD": 0.8250124079352863,
    "CWIM": 0.9951111199515553,
    "BPLS": 0.8551642354598822,
    "AHP-SD": 0.8710017781170993
  },
  "framework_bias": {
    "CSDI": -0.7782710531817085,
    "EARD": 0.04904405728805872,
    "CWIM": 0.03141257652706636,
    "BPLS": -0.18269845989025535,
    "AHP-SD": 0.04668624056662374
  },
  "model_implied_corr": [
    [
      1.0,
      0.8457501437546945,
      0.9288543724397751,
      0.8610663249610252,
      0.8690031705133592
    ],
    [
      0.8457501437546945,
      1.0,
      0.9060789266032029,
      0.8399530374234595,
      0.8476952720643804
    ],
    [
      0.9288543724397751,
      0.9060789266032029,
      1.0,
      0.9224876368228458,
      0.9309906309420642
    ],
    [
      0.8610663249610252,
      0.8399530374234595,
      0.9224876368228458,
      1.0,
      0.863046678730477
    ],
    [
      0.8690031705133592,
      0.8476952720643804,
      0.9309906309420642,
      0.863046678730477,
      1.0
    ]
  ],
  "n_iterations": 2000
}