{
  "timestamp": "20260314_231537",
  "full": {
    "P_jordan_gt_lebron": 0.8740048678155405,
    "delta_mu": 0.33058451627872176,
    "delta_se": 0.28858687836711944,
    "G_mean": {
      "Michael Jordan": 1.8399710201908424,
      "LeBron James": 1.5093865039121206,
      "Kareem Abdul-Jabbar": 0.4314961579663068,
      "Bill Russell": -0.6104810965325449,
      "Wilt Chamberlain": -0.6236560612440301,
      "Magic Johnson": -0.2253925273058616,
      "Tim Duncan": -0.06744463103250765,
      "Larry Bird": -0.3510920434092109,
      "Shaquille O'Neal": -0.7118115922283409,
      "Hakeem Olajuwon": -1.19097573031677
    },
    "G_var": {
      "Michael Jordan": 0.04164119318283929,
      "LeBron James": 0.04164119318283929,
      "Kareem Abdul-Jabbar": 0.04164119318283929,
      "Bill Russell": 0.04164119318283929,
      "Wilt Chamberlain": 0.04164119318283929,
      "Magic Johnson": 0.04164119318283929,
      "Tim Duncan": 0.04164119318283929,
      "Larry Bird": 0.04164119318283929,
      "Shaquille O'Neal": 0.04164119318283929,
      "Hakeem Olajuwon": 0.04164119318283929
    },
    "G_ci_95": {
      "Michael Jordan": [
        1.4400100124273412,
        2.2399320279543433
      ],
      "LeBron James": [
        1.1094254961486194,
        1.9093475116756218
      ],
      "Kareem Abdul-Jabbar": [
        0.03153515020280567,
        0.831457165729808
      ],
      "Bill Russell": [
        -1.010442104296046,
        -0.21052008876904377
      ],
      "Wilt Chamberlain": [
        -1.0236170690075312,
        -0.22369505348052893
      ],
      "Magic Johnson": [
        -0.6253535350693628,
        0.17456848045763954
      ],
      "Tim Duncan": [
        -0.46740563879600877,
        0.3325163767309935
      ],
      "Larry Bird": [
        -0.751053051172712,
        0.04886896435429022
      ],
      "Shaquille O'Neal": [
        -1.111772599991842,
        -0.31185058446483976
      ],
      "Hakeem Olajuwon": [
        -1.5909367380802713,
        -0.7910147225532689
      ]
    },
    "P_best": {
      "Michael Jordan": 0.874462,
      "LeBron James": 0.125538,
      "Kareem Abdul-Jabbar": 0.0,
      "Bill Russell": 0.0,
      "Wilt Chamberlain": 0.0,
      "Magic Johnson": 0.0,
      "Tim Duncan": 0.0,
      "Larry Bird": 0.0,
      "Shaquille O'Neal": 0.0,
      "Hakeem Olajuwon": 0.0
    },
    "effective_frameworks": 1.3651653488270499,
    "eigenvalues": [
      4.259661830547604,
      0.3220240517621557,
      0.1909584362486158,
      0.14585836391503335,
      0.08149731752659087
    ],
    "loadings": {
      "CSDI": 0.9337473455442298,
      "EARD": 0.9573965442236586,
      "CWIM": 0.9286437397262689,
      "BPLS": 0.9209040711318649,
      "AHP-SD": 0.8721961240370618
    },
    "noise_variance": {
      "CSDI": 0.21020844873256853,
      "EARD": 0.19284510581235778,
      "CWIM": 0.19616506109622248,
      "BPLS": 0.19343768600684744,
      "AHP-SD": 0.275579813452072
    },
    "communality": {
      "CSDI": 0.8057389379983431,
      "EARD": 0.826180052167435,
      "CWIM": 0.8146841193414216,
      "BPLS": 0.8142704602797236,
      "AHP-SD": 0.7340748368639441
    },
    "framework_bias": {
      "CSDI": 0.061571657321929096,
      "EARD": 0.08348654070087547,
      "CWIM": 0.04562906698591024,
      "BPLS": -0.12981197832971247,
      "AHP-SD": 0.0010722573285788517
    },
    "z_score_gaps": {
      "CSDI": 0.37025407187520876,
      "EARD": 0.3999870141599735,
      "CWIM": 0.35262430847858206,
      "BPLS": 0.17462464856452065,
      "AHP-SD": 0.28940679109354694
    },
    "min_eig_used": 0.18508454236309896,
    "sensitivity": {
      "0.05": 0.9873975045547172,
      "0.08": 0.9610802999565106,
      "0.1": 0.9422074024218359,
      "0.15": 0.8992898672206742,
      "0.2": 0.8643647546639177,
      "0.25": 0.8360929546649642,
      "0.3": 0.8128256379951146
    }
  },
  "impact_only": {
    "framework_names": [
      "CSDI",
      "EARD",
      "CWIM"
    ],
    "P_jordan_gt_lebron": 0.9026247319787242,
    "delta_mu": 0.37412686974063925,
    "delta_se": 0.28853271438636474,
    "G_mean": {
      "Michael Jordan": 1.8506196038256342,
      "LeBron James": 1.476492734084995,
      "Kareem Abdul-Jabbar": 0.28251462682237033,
      "Bill Russell": -1.1560071968538854,
      "Wilt Chamberlain": -0.6477857042487983,
      "Magic Johnson": -0.30993445925738705,
      "Tim Duncan": 0.1466048045722099,
      "Larry Bird": -0.386625061718441,
      "Shaquille O'Neal": -0.25794179732732875,
      "Hakeem Olajuwon": -0.9979375498993626
    },
    "G_ci_95": {
      "Michael Jordan": [
        1.4507336635095849,
        2.2505055441416832
      ],
      "LeBron James": [
        1.0766067937689456,
        1.8763786744010442
      ],
      "Kareem Abdul-Jabbar": [
        -0.11737131349367896,
        0.6824005671384197
      ],
      "Bill Russell": [
        -1.5558931371699347,
        -0.7561212565378361
      ],
      "Wilt Chamberlain": [
        -1.0476716445648475,
        -0.24789976393274904
      ],
      "Magic Johnson": [
        -0.7098203995734363,
        0.08995148105866224
      ],
      "Tim Duncan": [
        -0.25328113574383937,
        0.5464907448882592
      ],
      "Larry Bird": [
        -0.7865110020344903,
        0.013260878597608272
      ],
      "Shaquille O'Neal": [
        -0.6578277376433781,
        0.14194414298872055
      ],
      "Hakeem Olajuwon": [
        -1.3978234902154119,
        -0.5980516095833133
      ]
    },
    "P_best": {
      "Michael Jordan": 0.903242,
      "LeBron James": 0.096758,
      "Kareem Abdul-Jabbar": 0.0,
      "Bill Russell": 0.0,
      "Wilt Chamberlain": 0.0,
      "Magic Johnson": 0.0,
      "Tim Duncan": 0.0,
      "Larry Bird": 0.0,
      "Shaquille O'Neal": 0.0,
      "Hakeem Olajuwon": 0.0
    },
    "loadings": {
      "CSDI": 0.9593296443362648,
      "EARD": 0.9699824609811128,
      "CWIM": 0.9481813914943023
    },
    "noise_variance": {
      "CSDI": 0.13131779218425535,
      "EARD": 0.12135886069536712,
      "CWIM": 0.14162212014096617
    },
    "min_eig_used": 0.1198863538553035,
    "sensitivity": {
      "0.05": 0.9789549155821966,
      "0.1": 0.9228732062657599,
      "0.15": 0.8755857444343323,
      "0.2": 0.8389690997222142,
      "0.25": 0.8101100783731643,
      "0.3": 0.7867512472116284
    }
  },
  "preference_only": {
    "framework_names": [
      "BPLS",
      "AHP-SD"
    ],
    "P_jordan_gt_lebron": 0.6840243175118068,
    "delta_mu": 0.219497171625894,
    "delta_se": 0.45825756949558394,
    "G_mean": {
      "Michael Jordan": 1.5577244227993654,
      "LeBron James": 1.3382272511734714,
      "Kareem Abdul-Jabbar": 0.5866382019625243,
      "Bill Russell": 0.29091370731576904,
      "Wilt Chamberlain": -0.4994278499284589,
      "Magic Johnson": -0.04877100819739856,
      "Tim Duncan": -0.38055864677447093,
      "Larry Bird": -0.2482164128494153,
      "Shaquille O'Neal": -1.2901060925298469,
      "Hakeem Olajuwon": -1.3064235729715399
    },
    "G_ci_95": {
      "Michael Jordan": [
        0.9226118343553952,
        2.1928370112433355
      ],
      "LeBron James": [
        0.7031146627295012,
        1.9733398396174415
      ],
      "Kareem Abdul-Jabbar": [
        -0.048474386481445975,
        1.2217507904064946
      ],
      "Bill Russell": [
        -0.3441988811282012,
        0.9260262957597393
      ],
      "Wilt Chamberlain": [
        -1.1345404383724291,
        0.13568473851551133
      ],
      "Magic Johnson": [
        -0.6838835966413688,
        0.5863415802465717
      ],
      "Tim Duncan": [
        -1.0156712352184412,
        0.2545539416694993
      ],
      "Larry Bird": [
        -0.8833290012933855,
        0.3868961755945549
      ],
      "Shaquille O'Neal": [
        -1.925218680973817,
        -0.6549935040858766
      ],
      "Hakeem Olajuwon": [
        -1.94153616141551,
        -0.6713109845275697
      ]
    },
    "P_best": {
      "Michael Jordan": 0.680958,