{
  "G_mean": {
    "Michael Jordan": 1.9076803940962987,
    "LeBron James": 1.6979967688569988,
    "Kareem Abdul-Jabbar": 0.7718489265109799,
    "Bill Russell": -0.44528945978032564,
    "Wilt Chamberlain": -0.7642006920857726,
    "Magic Johnson": -0.750593844875964,
    "Tim Duncan": 0.00020382032525660538,
    "Larry Bird": -0.6331037519845967,
    "Shaquille O'Neal": -0.6596404468265276,
    "Hakeem Olajuwon": -1.1249017142363433
  },
  "G_ci_95": {
    "Michael Jordan": [
      1.8128255899080825,
      2.002535198284515
    ],
    "LeBron James": [
      1.6031419646687826,
      1.792851573045215
    ],
    "Kareem Abdul-Jabbar": [
      0.6769941223227637,
      0.8667037306991962
    ],
    "Bill Russell": [
      -0.5401442639685419,
      -0.3504346555921094
    ],
    "Wilt Chamberlain": [
      -0.8590554962739888,
      -0.6693458878975563
    ],
    "Magic Johnson": [
      -0.8454486490641803,
      -0.6557390406877478
    ],
    "Tim Duncan": [
      -0.09465098386295963,
      0.09505862451347284
    ],
    "Larry Bird": [
      -0.7279585561728129,
      -0.5382489477963804
    ],
    "Shaquille O'Neal": [
      -0.7544952510147438,
      -0.5647856426383113
    ],
    "Hakeem Olajuwon": [
      -1.2197565184245596,
      -1.030046910048127
    ]
  },
  "P_best": {
    "Michael Jordan": 0.998886,
    "LeBron James": 0.001114,
    "Kareem Abdul-Jabbar": 0.0,
    "Bill Russell": 0.0,
    "Wilt Chamberlain": 0.0,
    "Magic Johnson": 0.0,
    "Tim Duncan": 0.0,
    "Larry Bird": 0.0,
    "Shaquille O'Neal": 0.0,
    "Hakeem Olajuwon": 0.0
  },
  "P_jordan_gt_lebron": 0.9989069104589515,
  "delta_mu": 0.20968362523929995,
  "delta_se": 0.06844130129552024,
  "effective_frameworks": 1.3651653488270499,
  "eigenvalues": [
    4.259661830547604,
    0.3220240517621557,
    0.1909584362486158,
    0.14585836391503335,
    0.08149731752659087
  ],
  "loadings": {
    "CSDI": 0.9337473455442298,
    "EARD": 0.9573965442236586,
    "CWIM": 0.9286437397262689,
    "BPLS": 0.9209040711318649,
    "AHP-SD": 0.8721961240370618
  },
  "noise_variance": {
    "CSDI": 0.1301627334758329,
    "EARD": 0.0855436902337477,
    "CWIM": 0.13964532968736146,
    "BPLS": 0.15392661110383088,
    "AHP-SD": 0.24105980495162263
  },
  "communality": {
    "CSDI": 0.8701031444463883,
    "EARD": 0.9146399902627682,
    "CWIM": 0.8606368145684328,
    "BPLS": 0.8463792354459742,
    "AHP-SD": 0.7593699323727611
  },
  "framework_bias": {
    "CSDI": -0.6142982273703592,
    "EARD": 0.199236635975579,
    "CWIM": 0.2221181424722168,
    "BPLS": -0.01849857705810798,
    "AHP-SD": 0.2243927663847404
  },
  "model_implied_corr": [
    [
      1.0,
      0.8920936786930219,
      0.8653570353225983,
      0.8581592125915052,
      0.8128531023226648
    ],
    [
      0.8920936786930219,
      1.0,
      0.8872276188761546,
      0.8798478821176504,
      0.8333967287860333
    ],
    [
      0.8653570353225983,
      0.8872276188761546,
      1.0,
      0.8534782534494295,
      0.8084192722073982
    ],
    [
      0.8581592125915052,
      0.8798478821176504,
      0.8534782534494295,
      1.0,
      0.8016950435061443
    ],
    [
      0.8128531023226648,
      0.8333967287860333,
      0.8084192722073982,
      0.8016950435061443,
      1.0
    ]
  ],
  "residual_corr": [
    [
      0.1301627334758329,
      0.018132197664444183,
      -0.015082975596009848,
      -0.0378730464796539,
      -0.0924989013630717
    ],
    [
      0.018132197664444186,
      0.0855436902337477,
      -0.006993098566305772,
      -0.03960056218798442,
      -0.05307721736776531
    ],
    [
      -0.015082975596009844,
      -0.00699309856630577,
      0.13964532968736146,
      -0.05318414868307316,
      -0.05805800614674674
    ],
    [
      -0.0378730464796539,
      -0.03960056218798442,
      -0.05318414868307316,
      0.15392661110383088,
      -0.011323344720531762
    ],
    [
      -0.09249890136307168,
      -0.0530772173677653,
      -0.058058006146746735,
      -0.01132334472053177,
      0.24105980495162263
    ]
  ],
  "diagonal_model": {
    "P_jordan_gt_lebron": 0.9999818045489733,
    "G_mean_jordan": 1.8892666227047135,
    "G_mean_lebron": 1.5028940488505087,
    "posterior_var": 0.0043775890021622325
  }
}